DROP TABLE LABEL;
DROP TABLE LABEL_TRANSLATION;
DROP TABLE LANGUAGE;

CREATE TABLE LANGUAGE (
language_id NUMBER(10),
language_code VARCHAR(45 CHAR),
language_name VARCHAR(150 CHAR),
date_modified DATE,
date_added DATE);

CREATE TABLE LABEL (
label_id NUMBER(10),
label_code VARCHAR(45 CHAR),
date_modified DATE,
date_added DATE);

CREATE TABLE LABEL_TRANSLATION (
label_translation_id NUMBER(10),
label_id NUMBER(10),
language_id NUMBER(10),
label_translation_text VARCHAR(1000),
date_modified DATE,
date_added DATE);



INSERT INTO LANGUAGE (LANGUAGE_ID, LANGUAGE_CODE, LANGUAGE_NAME, DATE_MODIFIED, DATE_ADDED) VALUES (0, 'bg', 'български', SYSDATE, SYSDATE);
INSERT INTO LANGUAGE (LANGUAGE_ID, LANGUAGE_CODE, LANGUAGE_NAME, DATE_MODIFIED, DATE_ADDED) VALUES (1, 'cs', 'čeština', SYSDATE, SYSDATE);
INSERT INTO LANGUAGE (LANGUAGE_ID, LANGUAGE_CODE, LANGUAGE_NAME, DATE_MODIFIED, DATE_ADDED) VALUES (2, 'da', 'dansk', SYSDATE, SYSDATE);
INSERT INTO LANGUAGE (LANGUAGE_ID, LANGUAGE_CODE, LANGUAGE_NAME, DATE_MODIFIED, DATE_ADDED) VALUES (3, 'de', 'Deutsch', SYSDATE, SYSDATE);
INSERT INTO LANGUAGE (LANGUAGE_ID, LANGUAGE_CODE, LANGUAGE_NAME, DATE_MODIFIED, DATE_ADDED) VALUES (4, 'et', 'eesti keel', SYSDATE, SYSDATE);
INSERT INTO LANGUAGE (LANGUAGE_ID, LANGUAGE_CODE, LANGUAGE_NAME, DATE_MODIFIED, DATE_ADDED) VALUES (5, 'el', 'ελληνικά', SYSDATE, SYSDATE);
INSERT INTO LANGUAGE (LANGUAGE_ID, LANGUAGE_CODE, LANGUAGE_NAME, DATE_MODIFIED, DATE_ADDED) VALUES (6, 'en', 'English', SYSDATE, SYSDATE);
INSERT INTO LANGUAGE (LANGUAGE_ID, LANGUAGE_CODE, LANGUAGE_NAME, DATE_MODIFIED, DATE_ADDED) VALUES (7, 'es', 'español', SYSDATE, SYSDATE);
INSERT INTO LANGUAGE (LANGUAGE_ID, LANGUAGE_CODE, LANGUAGE_NAME, DATE_MODIFIED, DATE_ADDED) VALUES (8, 'fr', 'français', SYSDATE, SYSDATE);
INSERT INTO LANGUAGE (LANGUAGE_ID, LANGUAGE_CODE, LANGUAGE_NAME, DATE_MODIFIED, DATE_ADDED) VALUES (9, 'ga', 'Gaeilge', SYSDATE, SYSDATE);
INSERT INTO LANGUAGE (LANGUAGE_ID, LANGUAGE_CODE, LANGUAGE_NAME, DATE_MODIFIED, DATE_ADDED) VALUES (10, 'hr', 'hrvatski', SYSDATE, SYSDATE);
INSERT INTO LANGUAGE (LANGUAGE_ID, LANGUAGE_CODE, LANGUAGE_NAME, DATE_MODIFIED, DATE_ADDED) VALUES (11, 'it', 'italiano', SYSDATE, SYSDATE);
INSERT INTO LANGUAGE (LANGUAGE_ID, LANGUAGE_CODE, LANGUAGE_NAME, DATE_MODIFIED, DATE_ADDED) VALUES (12, 'lv', 'latviešu valoda', SYSDATE, SYSDATE);
INSERT INTO LANGUAGE (LANGUAGE_ID, LANGUAGE_CODE, LANGUAGE_NAME, DATE_MODIFIED, DATE_ADDED) VALUES (13, 'lt', 'lietuvių kalba', SYSDATE, SYSDATE);
INSERT INTO LANGUAGE (LANGUAGE_ID, LANGUAGE_CODE, LANGUAGE_NAME, DATE_MODIFIED, DATE_ADDED) VALUES (14, 'hu', 'magyar', SYSDATE, SYSDATE);
INSERT INTO LANGUAGE (LANGUAGE_ID, LANGUAGE_CODE, LANGUAGE_NAME, DATE_MODIFIED, DATE_ADDED) VALUES (15, 'mt', 'Malti', SYSDATE, SYSDATE);
INSERT INTO LANGUAGE (LANGUAGE_ID, LANGUAGE_CODE, LANGUAGE_NAME, DATE_MODIFIED, DATE_ADDED) VALUES (16, 'nl', 'Nederlands', SYSDATE, SYSDATE);
INSERT INTO LANGUAGE (LANGUAGE_ID, LANGUAGE_CODE, LANGUAGE_NAME, DATE_MODIFIED, DATE_ADDED) VALUES (17, 'pl', 'polski', SYSDATE, SYSDATE);
INSERT INTO LANGUAGE (LANGUAGE_ID, LANGUAGE_CODE, LANGUAGE_NAME, DATE_MODIFIED, DATE_ADDED) VALUES (18, 'pt', 'portugês', SYSDATE, SYSDATE);
INSERT INTO LANGUAGE (LANGUAGE_ID, LANGUAGE_CODE, LANGUAGE_NAME, DATE_MODIFIED, DATE_ADDED) VALUES (19, 'ro', 'română', SYSDATE, SYSDATE);
INSERT INTO LANGUAGE (LANGUAGE_ID, LANGUAGE_CODE, LANGUAGE_NAME, DATE_MODIFIED, DATE_ADDED) VALUES (20, 'sk', 'slovenčina', SYSDATE, SYSDATE);
INSERT INTO LANGUAGE (LANGUAGE_ID, LANGUAGE_CODE, LANGUAGE_NAME, DATE_MODIFIED, DATE_ADDED) VALUES (21, 'sl', 'slovenščina', SYSDATE, SYSDATE);
INSERT INTO LANGUAGE (LANGUAGE_ID, LANGUAGE_CODE, LANGUAGE_NAME, DATE_MODIFIED, DATE_ADDED) VALUES (22, 'fl', 'suomi', SYSDATE, SYSDATE);
INSERT INTO LANGUAGE (LANGUAGE_ID, LANGUAGE_CODE, LANGUAGE_NAME, DATE_MODIFIED, DATE_ADDED) VALUES (23, 'sv', 'svsvenska', SYSDATE, SYSDATE);
INSERT INTO LANGUAGE (LANGUAGE_ID, LANGUAGE_CODE, LANGUAGE_NAME, DATE_MODIFIED, DATE_ADDED) VALUES (24, 'no', 'norsk', SYSDATE, SYSDATE);


INSERT INTO LABEL (LABEL_ID, LABEL_CODE, DATE_MODIFIED, DATE_ADDED) VALUES (0, 'APP_TITLE', SYSDATE, SYSDATE);
INSERT INTO LABEL (LABEL_ID, LABEL_CODE, DATE_MODIFIED, DATE_ADDED) VALUES (1, 'APP_SUBTITLE', SYSDATE, SYSDATE);

INSERT INTO LABEL (LABEL_ID, LABEL_CODE, DATE_MODIFIED, DATE_ADDED) VALUES (2, 'NEXT', SYSDATE, SYSDATE);

INSERT INTO LABEL (LABEL_ID, LABEL_CODE, DATE_MODIFIED, DATE_ADDED) VALUES (100, 'LEGAL_NOTICE', SYSDATE, SYSDATE);
INSERT INTO LABEL (LABEL_ID, LABEL_CODE, DATE_MODIFIED, DATE_ADDED) VALUES (101, 'COOKIES', SYSDATE, SYSDATE);
INSERT INTO LABEL (LABEL_ID, LABEL_CODE, DATE_MODIFIED, DATE_ADDED) VALUES (102, 'SEARCH', SYSDATE, SYSDATE);
INSERT INTO LABEL (LABEL_ID, LABEL_CODE, DATE_MODIFIED, DATE_ADDED) VALUES (103, 'EUROPA', SYSDATE, SYSDATE);
INSERT INTO LABEL (LABEL_ID, LABEL_CODE, DATE_MODIFIED, DATE_ADDED) VALUES (104, 'EC', SYSDATE, SYSDATE);
INSERT INTO LABEL (LABEL_ID, LABEL_CODE, DATE_MODIFIED, DATE_ADDED) VALUES (105, 'GROW', SYSDATE, SYSDATE);
INSERT INTO LABEL (LABEL_ID, LABEL_CODE, DATE_MODIFIED, DATE_ADDED) VALUES (106, 'ESPD', SYSDATE, SYSDATE);


INSERT INTO LABEL (LABEL_ID, LABEL_CODE, DATE_MODIFIED, DATE_ADDED) VALUES (200, 'WELCOME_DISCLAMER_TITLE', SYSDATE, SYSDATE);
INSERT INTO LABEL (LABEL_ID, LABEL_CODE, DATE_MODIFIED, DATE_ADDED) VALUES (201, 'WELCOME_DISCLAMER_CONTENT', SYSDATE, SYSDATE);
INSERT INTO LABEL (LABEL_ID, LABEL_CODE, DATE_MODIFIED, DATE_ADDED) VALUES (202, 'WELCOME_USECASES_TITLE', SYSDATE, SYSDATE);
INSERT INTO LABEL (LABEL_ID, LABEL_CODE, DATE_MODIFIED, DATE_ADDED) VALUES (203, 'WELCOME_USECASES_CONTENT', SYSDATE, SYSDATE);


INSERT INTO LABEL_TRANSLATION (LABEL_TRANSLATION_ID, LABEL_ID, LABEL_TRANSLATION_TEXT, LANGUAGE_ID, DATE_MODIFIED, DATE_ADDED) 
VALUES (0, 0, 'European Single Procurement Document (ESPD)', 6, SYSDATE, SYSDATE);
INSERT INTO LABEL_TRANSLATION (LABEL_TRANSLATION_ID, LABEL_ID, LABEL_TRANSLATION_TEXT, LANGUAGE_ID, DATE_MODIFIED, DATE_ADDED)  
VALUES (1, 0, 'European Single Procurement Document (ESPD) [FR]', 8, SYSDATE, SYSDATE);

INSERT INTO LABEL_TRANSLATION (LABEL_TRANSLATION_ID, LABEL_ID, LABEL_TRANSLATION_TEXT, LANGUAGE_ID, DATE_MODIFIED, DATE_ADDED) 
VALUES (2, 1, 'Service to fill out and reuse the ESPD', 6, SYSDATE, SYSDATE);
INSERT INTO LABEL_TRANSLATION (LABEL_TRANSLATION_ID, LABEL_ID, LABEL_TRANSLATION_TEXT, LANGUAGE_ID, DATE_MODIFIED, DATE_ADDED)  
VALUES (3, 1, 'Service to fill out and reuse the ESPD [FR]', 8, SYSDATE, SYSDATE);

INSERT INTO LABEL_TRANSLATION (LABEL_TRANSLATION_ID, LABEL_ID, LABEL_TRANSLATION_TEXT, LANGUAGE_ID, DATE_MODIFIED, DATE_ADDED) 
VALUES (4, 2, 'NEXT', 6, SYSDATE, SYSDATE);
INSERT INTO LABEL_TRANSLATION (LABEL_TRANSLATION_ID, LABEL_ID, LABEL_TRANSLATION_TEXT, LANGUAGE_ID, DATE_MODIFIED, DATE_ADDED)  
VALUES (5, 2, 'NEXT [FR]', 8, SYSDATE, SYSDATE);


INSERT INTO LABEL_TRANSLATION (LABEL_TRANSLATION_ID, LABEL_ID, LABEL_TRANSLATION_TEXT, LANGUAGE_ID, DATE_MODIFIED, DATE_ADDED) 
VALUES (100, 100, 'Legal Notice', 6, SYSDATE, SYSDATE);
INSERT INTO LABEL_TRANSLATION (LABEL_TRANSLATION_ID, LABEL_ID, LABEL_TRANSLATION_TEXT, LANGUAGE_ID, DATE_MODIFIED, DATE_ADDED)  
VALUES (101, 100, 'Legal Notice [FR]', 8, SYSDATE, SYSDATE);

INSERT INTO LABEL_TRANSLATION (LABEL_TRANSLATION_ID, LABEL_ID, LABEL_TRANSLATION_TEXT, LANGUAGE_ID, DATE_MODIFIED, DATE_ADDED) 
VALUES (102, 101, 'Cookies', 6, SYSDATE, SYSDATE);
INSERT INTO LABEL_TRANSLATION (LABEL_TRANSLATION_ID, LABEL_ID, LABEL_TRANSLATION_TEXT, LANGUAGE_ID, DATE_MODIFIED, DATE_ADDED) 
VALUES (103, 101, 'Cookies [FR]', 8, SYSDATE, SYSDATE);

INSERT INTO LABEL_TRANSLATION (LABEL_TRANSLATION_ID, LABEL_ID, LABEL_TRANSLATION_TEXT, LANGUAGE_ID, DATE_MODIFIED, DATE_ADDED) 
VALUES (104, 102, 'Search', 6, SYSDATE, SYSDATE);
INSERT INTO LABEL_TRANSLATION (LABEL_TRANSLATION_ID, LABEL_ID, LABEL_TRANSLATION_TEXT, LANGUAGE_ID, DATE_MODIFIED, DATE_ADDED)  
VALUES (105, 102, 'Search [FR]', 8, SYSDATE, SYSDATE);

INSERT INTO LABEL_TRANSLATION (LABEL_TRANSLATION_ID, LABEL_ID, LABEL_TRANSLATION_TEXT, LANGUAGE_ID, DATE_MODIFIED, DATE_ADDED) 
VALUES (106, 103, 'Europa', 6, SYSDATE, SYSDATE);
INSERT INTO LABEL_TRANSLATION (LABEL_TRANSLATION_ID, LABEL_ID, LABEL_TRANSLATION_TEXT, LANGUAGE_ID, DATE_MODIFIED, DATE_ADDED) 
VALUES (107, 103, 'Europa [FR]', 8, SYSDATE, SYSDATE);

INSERT INTO LABEL_TRANSLATION (LABEL_TRANSLATION_ID, LABEL_ID, LABEL_TRANSLATION_TEXT, LANGUAGE_ID, DATE_MODIFIED, DATE_ADDED) 
VALUES (108, 104, 'European Commission', 6, SYSDATE, SYSDATE);
INSERT INTO LABEL_TRANSLATION (LABEL_TRANSLATION_ID, LABEL_ID, LABEL_TRANSLATION_TEXT, LANGUAGE_ID, DATE_MODIFIED, DATE_ADDED) 
VALUES (109, 104, 'European Commission [FR]', 8, SYSDATE, SYSDATE);

INSERT INTO LABEL_TRANSLATION (LABEL_TRANSLATION_ID, LABEL_ID, LABEL_TRANSLATION_TEXT, LANGUAGE_ID, DATE_MODIFIED, DATE_ADDED) 
VALUES (110, 105, 'Grow', 6, SYSDATE, SYSDATE);
INSERT INTO LABEL_TRANSLATION (LABEL_TRANSLATION_ID, LABEL_ID, LABEL_TRANSLATION_TEXT, LANGUAGE_ID, DATE_MODIFIED, DATE_ADDED) 
VALUES (111, 105, 'Grow [FR]', 8, SYSDATE, SYSDATE);

INSERT INTO LABEL_TRANSLATION (LABEL_TRANSLATION_ID, LABEL_ID, LABEL_TRANSLATION_TEXT, LANGUAGE_ID, DATE_MODIFIED, DATE_ADDED) 
VALUES (112, 106, 'European Single Procurement Document', 6, SYSDATE, SYSDATE);
INSERT INTO LABEL_TRANSLATION (LABEL_TRANSLATION_ID, LABEL_ID, LABEL_TRANSLATION_TEXT, LANGUAGE_ID, DATE_MODIFIED, DATE_ADDED) 
VALUES (113, 106, 'European Single Procurement Document [FR]', 8, SYSDATE, SYSDATE);



INSERT INTO LABEL_TRANSLATION (LABEL_TRANSLATION_ID, LABEL_ID, LABEL_TRANSLATION_TEXT, LANGUAGE_ID, DATE_MODIFIED, DATE_ADDED) 
VALUES (200, 200, 'Disclaimer', 6, SYSDATE, SYSDATE);
INSERT INTO LABEL_TRANSLATION (LABEL_TRANSLATION_ID, LABEL_ID, LABEL_TRANSLATION_TEXT, LANGUAGE_ID, DATE_MODIFIED, DATE_ADDED) 
VALUES (201, 200, 'Disclaimer [FR]', 8, SYSDATE, SYSDATE);

INSERT INTO LABEL_TRANSLATION (LABEL_TRANSLATION_ID, LABEL_ID, LABEL_TRANSLATION_TEXT, LANGUAGE_ID, DATE_MODIFIED, DATE_ADDED) 
VALUES (202, 201, '<p>The present ESPD prototype is not an officially deployed ESPD solution yet but serves only as a tool to demonstrate the possibilities of the ESPD service in conjunction with e-Certis. The ESPD service is planned to be ready by the end of this year. Until then it will undergo many implementation cycles. If you have any feedback on the prototype of the ESPD service, please share it by sending an e-mail to <a href="mailto:grow-espd@ec.europa.eu" target="_top">grow-espd@ec.europa.eu</a>. <p>We recommend you to follow the guidance provided below on the different use cases. For the ease of use, we have added several  in the ESPD prototype. As soon as you move your mouse over it, a tooltip will display additional explanatory information.', 6, SYSDATE, SYSDATE);
INSERT INTO LABEL_TRANSLATION (LABEL_TRANSLATION_ID, LABEL_ID, LABEL_TRANSLATION_TEXT, LANGUAGE_ID, DATE_MODIFIED, DATE_ADDED) 
VALUES (203, 201, '<p>The present ESPD prototype is not an officially deployed ESPD solution yet but serves only as a tool to demonstrate the possibilities of the ESPD service in conjunction with e-Certis. The ESPD service is planned to be ready by the end of this year. Until then it will undergo many implementation cycles. If you have any feedback on the prototype of the ESPD service, please share it by sending an e-mail to <a href="mailto:grow-espd@ec.europa.eu" target="_top">grow-espd@ec.europa.eu</a>. <p>We recommend you to follow the guidance provided below on the different use cases. For the ease of use, we have added several  in the ESPD prototype. As soon as you move your mouse over it, a tooltip will display additional explanatory information. [FR]', 8, SYSDATE, SYSDATE);

INSERT INTO LABEL_TRANSLATION (LABEL_TRANSLATION_ID, LABEL_ID, LABEL_TRANSLATION_TEXT, LANGUAGE_ID, DATE_MODIFIED, DATE_ADDED) 
VALUES (204, 202, 'Use cases', 6, SYSDATE, SYSDATE);
INSERT INTO LABEL_TRANSLATION (LABEL_TRANSLATION_ID, LABEL_ID, LABEL_TRANSLATION_TEXT, LANGUAGE_ID, DATE_MODIFIED, DATE_ADDED) 
VALUES (205, 202, 'Use cases [FR]', 8, SYSDATE, SYSDATE);

INSERT INTO LABEL_TRANSLATION (LABEL_TRANSLATION_ID, LABEL_ID, LABEL_TRANSLATION_TEXT, LANGUAGE_ID, DATE_MODIFIED, DATE_ADDED) 
VALUES (206, 203, '<p>To show you some scenarios on how the ESPD service could be used, we provide you some use cases. <p><b>Use case 1:</b> How an authority can create an ESPD with the ESPD service you can find <a href="">here</a>', 6, SYSDATE, SYSDATE);
INSERT INTO LABEL_TRANSLATION (LABEL_TRANSLATION_ID, LABEL_ID, LABEL_TRANSLATION_TEXT, LANGUAGE_ID, DATE_MODIFIED, DATE_ADDED) 
VALUES (207, 203, '<p>To show you some scenarios on how the ESPD service could be used, we provide you some use cases. <p><b>Use case 1:</b> How an authority can create an ESPD with the ESPD service you can find <a href="">here</a> [FR]', 8, SYSDATE, SYSDATE);